Score,EMFL,FLSH,FLSD,SDPM,FLLF,LFMAX,SLAVR,SIZLF,WTPSD,SFDUR,SDPDV,PODUR,THRSH,initPoints,iters.n,acq,kernel,method
-0.5610730149599608,24.46130578198857,2.0,6.0,20.57081368309181,23.399682233580375,0.98,298.2170649348063,133.0,0.22,11.0,5.0,4.0,78.0,200,300,ucb,matern3_2,MAPE
