Score,EMFL,FLSH,FLSD,SDPM,FLLF,LFMAX,SLAVR,SIZLF,WTPSD,SFDUR,SDPDV,PODUR,THRSH,initPoints,iters.n,acq,kernel,method
-0.5765177447566627,21.020761344764562,2.0,6.0,21.98685212936791,22.110849602882613,0.98,297.2789393056928,133.0,0.22,11.0,5.0,4.0,78.0,200,300,ucb,exp,MAPE
