Score,EMFL,FLSH,FLSD,SDPM,FLLF,LFMAX,SLAVR,SIZLF,WTPSD,SFDUR,SDPDV,PODUR,THRSH,initPoints,iters.n,acq,kernel,method
-0.6783281983471718,21.92159842936721,5.0,6.0,14.0,22.00475527017031,1.0,257.8268078793241,163.67851553718248,0.22,21.510102321281146,5.0,13.646223432893908,78.0,100,100,ucb,matern5_2,MAPE
