Score,EMFL,FLSH,FLSD,SDPM,FLLF,LFMAX,SLAVR,SIZLF,WTPSD,SFDUR,SDPDV,PODUR,THRSH,initPoints,iters.n,acq,kernel,method
-0.616279394217062,24.048961235483297,2.0,6.0,14.0,30.468667421898367,1.0,256.5455021203284,175.08316517258592,0.22,11.0,5.0,4.0,78.0,100,300,ucb,exp,MAPE
