Score,EMFL,FLSH,FLSD,SDPM,FLLF,LFMAX,SLAVR,SIZLF,WTPSD,SFDUR,SDPDV,PODUR,THRSH,initPoints,iters.n,acq,kernel,method
-0.6780572941463588,21.80476226536549,5.0,6.0,14.0,24.77017325024951,1.0,259.8874770796166,168.802008223316,0.22,18.029157420592217,5.0,14.587461858998784,78.0,100,100,ucb,exp,MAPE
