Score,EMFL,FLSH,FLSD,SDPM,FLLF,LFMAX,SLAVR,SIZLF,WTPSD,SFDUR,SDPDV,PODUR,THRSH,initPoints,iters.n,acq,kernel,method
-0.6482302697108503,25.00075219347129,5.0,6.0,14.0,23.177463549558112,1.0,264.39127487009483,157.8635555673721,0.22,11.927441912159644,5.0,14.080901693598731,78.0,200,300,poi,matern3_2,MAPE
