Score,EMFL,FLSH,FLSD,SDPM,FLLF,LFMAX,SLAVR,SIZLF,WTPSD,SFDUR,SDPDV,PODUR,THRSH,initPoints,iters.n,acq,kernel,method
-0.5874139466744353,27.44283577569802,2.0,6.0,14.0,26.63357567810707,0.98,341.6484421231063,133.0,0.22,11.0,5.0,11.351268585858332,78.0,100,300,ucb,exp,MAPE
