Score,EMFL,FLSH,FLSD,SDPM,FLLF,LFMAX,SLAVR,SIZLF,WTPSD,SFDUR,SDPDV,PODUR,THRSH,initPoints,iters.n,acq,kernel,method
-0.6400501462195615,25.9627354239275,5.0,6.0,14.0,20.107088456199925,1.0,265.49638305133413,166.3241163973343,0.22,17.55181900357199,5.0,14.706002335810355,78.0,100,100,ucb,exp,MAPE
