Score,EMFL,FLSH,FLSD,SDPM,FLLF,LFMAX,SLAVR,SIZLF,WTPSD,SFDUR,SDPDV,PODUR,THRSH,initPoints,iters.n,acq,kernel,method
-0.6756941584629288,29.25987104021364,3.9932781022119763,7.753445239153701,16.296005902607718,17.81156262109263,0.9949365391446808,349.08700693279627,170.10762887116414,0.22,12.092518442892109,4.130960526743745,7.1069708969704255,78.0,100,300,poi,exp,MAPE
