Score,EMFL,FLSH,FLSD,SDPM,FLLF,LFMAX,SLAVR,SIZLF,WTPSD,SFDUR,SDPDV,PODUR,THRSH,initPoints,iters.n,acq,kernel,method
-0.5984320412311216,25.09398534748654,5.0,6.0,14.0,28.186048754173402,1.0,269.3656890249578,175.5014743243051,0.22,11.0,5.0,7.202492590996818,78.0,100,300,ucb,gauss,MAPE
