Score,EMFL,FLSH,FLSD,SDPM,FLLF,LFMAX,SLAVR,SIZLF,WTPSD,SFDUR,SDPDV,PODUR,THRSH,initPoints,iters.n,acq,kernel,method
-0.6419820227991916,31.60922355132613,5.0,6.0,14.0,31.569642465696912,0.98,265.2774590628504,163.92451731894073,0.22,11.0,5.0,6.370229779089924,78.0,100,300,ucb,exp,MAPE
