Score,EMFL,FLSH,FLSD,SDPM,FLLF,LFMAX,SLAVR,SIZLF,WTPSD,SFDUR,SDPDV,PODUR,THRSH,initPoints,iters.n,acq,kernel,method
-0.6711240921147281,27.747307101884264,4.779388081433006,6.679464735045593,14.0,17.756309948545073,0.98,265.7562135462042,168.84782759769863,0.22,18.899106482811455,5.0,15.16990250420227,78.0,100,100,ucb,exp,MAPE
