Score,EMFL,FLSH,FLSD,SDPM,FLLF,LFMAX,SLAVR,SIZLF,WTPSD,SFDUR,SDPDV,PODUR,THRSH,initPoints,iters.n,acq,kernel,method
-0.6379791961973504,28.559233421026676,4.389201556126603,7.448545826659224,14.591072873465098,16.469010972519033,1.0,349.24539540423285,170.54626267478062,0.22,12.267993948593858,4.058264161183833,6.62248626828506,78.0,100,300,poi,exp,MAPE
