Score,EMFL,FLSH,FLSD,SDPM,FLLF,LFMAX,SLAVR,SIZLF,WTPSD,SFDUR,SDPDV,PODUR,THRSH,initPoints,iters.n,acq,kernel,method
-0.6772063662041266,25.042379977839264,5.0,6.074891432982404,14.0,19.05531859285018,0.98,261.9597686347595,159.4402872074152,0.22,20.70973598413468,5.0,16.0,78.0,100,100,ucb,gauss,MAPE
