Score,EMFL,FLSH,FLSD,SDPM,FLLF,LFMAX,SLAVR,SIZLF,WTPSD,SFDUR,SDPDV,PODUR,THRSH,initPoints,iters.n,acq,kernel,method
-0.16245253532221426,35.0,5.0,13.0,18.62355917352731,24.96080063681788,0.98,325.45284409532184,145.9285338267473,0.22,11.0,5.0,16.0,78.0,200,300,ei,exp,MAPE
