Score,EMFL,FLSH,FLSD,SDPM,FLLF,LFMAX,SLAVR,SIZLF,WTPSD,SFDUR,SDPDV,PODUR,THRSH,initPoints,iters.n,acq,kernel,method
-0.16273923817645106,35.0,5.0,13.0,18.787444789553188,28.98294550611509,1.0,269.50345076542675,162.00524254073437,0.22,11.0,5.0,15.37718173659721,78.0,100,300,ei,exp,MAPE
