Score,EMFL,FLSH,FLSD,SDPM,FLLF,LFMAX,SLAVR,SIZLF,WTPSD,SFDUR,SDPDV,PODUR,THRSH,initPoints,iters.n,acq,kernel,method
-0.16068970009034209,35.0,5.0,13.0,18.901409587702855,26.723067040282366,0.98,312.6177618231703,153.74428038199193,0.22,11.0,5.0,13.786916465380662,78.0,100,300,ucb,gauss,MAPE
