Score,EMFL,FLSH,FLSD,SDPM,FLLF,LFMAX,SLAVR,SIZLF,WTPSD,SFDUR,SDPDV,PODUR,THRSH,initPoints,iters.n,acq,kernel,method
-0.16318141443761344,35.0,2.0,13.0,23.586756150653013,12.90241547639927,0.98,325.11840257265453,150.80801706106124,0.22,11.0,5.0,14.515970492195102,78.0,100,300,ucb,matern3_2,MAPE
