Score,EMFL,FLSH,FLSD,SDPM,FLLF,LFMAX,SLAVR,SIZLF,WTPSD,SFDUR,SDPDV,PODUR,THRSH,initPoints,iters.n,acq,kernel,method
-0.16847041681145175,35.0,5.0,9.667418675080638,28.023866721154064,25.537040224037607,0.98,323.2609656699199,143.55261856464068,0.22,17.62889546830598,5.0,15.223673096631053,78.0,100,100,ei,exp,MAPE
