Score,EMFL,FLSH,FLSD,SDPM,FLLF,LFMAX,SLAVR,SIZLF,WTPSD,SFDUR,SDPDV,PODUR,THRSH,initPoints,iters.n,acq,kernel,method
-0.17181603640331675,32.76973394740596,5.0,11.881914978006625,21.46800697797936,31.05630839083635,0.98,323.8557327169604,142.7175256725084,0.22,18.453547462797008,5.0,15.165204930692157,78.0,100,100,ucb,matern3_2,MAPE
