Score,EMFL,FLSH,FLSD,SDPM,FLLF,LFMAX,SLAVR,SIZLF,WTPSD,SFDUR,SDPDV,PODUR,THRSH,initPoints,iters.n,acq,kernel,method
-0.16622255485423018,35.0,5.0,11.218000882303652,25.71450705700487,28.037702328801316,0.98,330.5809615362494,133.0,0.22,17.76535968793324,5.0,4.616945732748151,78.0,100,300,ucb,exp,MAPE
