Score,EMFL,FLSH,FLSD,SDPM,FLLF,LFMAX,SLAVR,SIZLF,WTPSD,SFDUR,SDPDV,PODUR,THRSH,initPoints,iters.n,acq,kernel,method
-0.1655226986622578,35.0,5.0,13.0,18.503877746510888,15.633358305425745,1.0,284.6024340538429,173.31364884732022,0.22,11.0,5.0,16.0,78.0,200,300,ucb,matern5_2,MAPE
