Score,EMFL,FLSH,FLSD,SDPM,FLLF,LFMAX,SLAVR,SIZLF,WTPSD,SFDUR,SDPDV,PODUR,THRSH,initPoints,iters.n,acq,kernel,method
-0.15982841210883417,35.0,5.0,13.0,19.40486947688565,34.0,1.0,284.1815564059569,138.3911546668966,0.22,11.0,5.0,13.913989769898976,78.0,200,300,ucb,matern3_2,MAPE
