Score,EMFL,FLSH,FLSD,SDPM,FLLF,LFMAX,SLAVR,SIZLF,WTPSD,SFDUR,SDPDV,PODUR,THRSH,initPoints,iters.n,acq,kernel,method
-0.16160024562162625,35.0,4.193393606447356,13.0,19.436471743756865,21.094513389109295,0.98,325.4698405935707,133.0,0.22,11.0,5.0,16.0,78.0,200,300,poi,matern5_2,MAPE
