Score,EMFL,FLSH,FLSD,SDPM,FLLF,LFMAX,SLAVR,SIZLF,WTPSD,SFDUR,SDPDV,PODUR,THRSH,initPoints,iters.n,acq,kernel,method
-0.5622397191822165,25.271763335459553,2.0,6.0,14.0,26.032429539865774,1.0,311.5211372116446,141.01530193449236,0.22,11.938983031490082,5.0,4.0,78.0,100,300,ei,exp,MAPE
