Score,EMFL,FLSH,FLSD,SDPM,FLLF,LFMAX,SLAVR,SIZLF,WTPSD,SFDUR,SDPDV,PODUR,THRSH,initPoints,iters.n,acq,kernel,method
-0.5799149250378597,28.673564769881445,3.9080376816580107,6.6433361501410575,14.0,16.9674699930541,0.9944854444549371,348.6622421547847,169.75951639959402,0.22,12.504533216098615,4.238692802221547,7.17539887102142,78.0,100,300,poi,matern5_2,MAPE
