Score,EMFL,FLSH,FLSD,SDPM,FLLF,LFMAX,SLAVR,SIZLF,WTPSD,SFDUR,SDPDV,PODUR,THRSH,initPoints,iters.n,acq,kernel,method
-0.13072633108292894,35.0,5.0,13.0,18.316675266769938,25.398193192312096,0.98,325.0841354416021,137.08579136039745,0.22,11.0,5.0,16.0,78.0,200,300,poi,matern5_2,MAPE
