Score,EMFL,FLSH,FLSD,SDPM,FLLF,LFMAX,SLAVR,SIZLF,WTPSD,SFDUR,SDPDV,PODUR,THRSH,initPoints,iters.n,acq,kernel,method
-0.1322695231905955,34.20914321874202,3.428699698661222,12.054883299612897,20.228370455936197,23.000543115249254,0.98,333.121086897145,144.23013874000608,0.22,11.0,5.0,16.0,78.0,100,300,ucb,matern5_2,MAPE
