Score,EMFL,FLSH,FLSD,SDPM,FLLF,LFMAX,SLAVR,SIZLF,WTPSD,SFDUR,SDPDV,PODUR,THRSH,initPoints,iters.n,acq,kernel,method
-0.13743625193612136,35.0,2.0,11.248597099953498,19.326762988442972,17.797658147568274,0.98,324.4023389531197,163.74128523059466,0.22,11.0,5.0,16.0,78.0,100,100,ucb,exp,MAPE
