Score,EMFL,FLSH,FLSD,SDPM,FLLF,LFMAX,SLAVR,SIZLF,WTPSD,SFDUR,SDPDV,PODUR,THRSH,initPoints,iters.n,acq,kernel,method
-0.13474169181923631,35.0,5.0,13.0,19.80628395208322,23.167311809664575,0.98,324.39832721845033,152.23689640877456,0.22,11.0,5.0,16.0,78.0,200,300,ucb,exp,MAPE
