Score,EMFL,FLSH,FLSD,SDPM,FLLF,LFMAX,SLAVR,SIZLF,WTPSD,SFDUR,SDPDV,PODUR,THRSH,initPoints,iters.n,acq,kernel,method
-0.134148898669305,35.0,5.0,13.0,18.783200567098152,19.572336858602036,1.0,289.91627099582655,172.72549408564993,0.22,11.0,5.0,16.0,78.0,100,300,ucb,matern3_2,MAPE
