Score,EMFL,FLSH,FLSD,SDPM,FLLF,LFMAX,SLAVR,SIZLF,WTPSD,SFDUR,SDPDV,PODUR,THRSH,initPoints,iters.n,acq,kernel,method
-0.13339811759465975,35.0,5.0,13.0,18.938942893310127,29.3570156059171,0.9950962028197792,273.26025864462423,158.15640438243545,0.22,11.0,5.0,16.0,78.0,100,300,ei,exp,MAPE
