Score,EMFL,FLSH,FLSD,SDPM,FLLF,LFMAX,SLAVR,SIZLF,WTPSD,SFDUR,SDPDV,PODUR,THRSH,initPoints,iters.n,acq,kernel,method
-0.6656633544418615,23.391964543204185,5.0,6.0,16.41885317211399,20.026382869354965,0.98,256.5110895643098,168.15025245468445,0.22,22.0,5.0,16.0,78.0,100,100,ucb,matern5_2,MAPE
