Score,EMFL,FLSH,FLSD,SDPM,FLLF,LFMAX,SLAVR,SIZLF,WTPSD,SFDUR,SDPDV,PODUR,THRSH,initPoints,iters.n,acq,kernel,method
-0.5660711626653983,27.661127693416443,2.0,6.0,14.0,33.64157437191774,0.98,257.6186772988946,155.96609902696176,0.22,11.0,5.0,4.645252741305305,78.0,100,300,ucb,matern5_2,MAPE
