Score,EMFL,FLSH,FLSD,SDPM,FLLF,LFMAX,SLAVR,SIZLF,WTPSD,SFDUR,SDPDV,PODUR,THRSH,initPoints,iters.n,acq,kernel,method
-0.649884260800616,24.394431340872387,4.575888410026661,6.755452612951077,14.657551606761231,21.019783978362824,0.98,265.5703130854734,165.02962954083773,0.22,17.05920000136819,5.0,14.933643506290302,78.0,100,300,poi,matern5_2,MAPE
