Score,EMFL,FLSH,FLSD,SDPM,FLLF,LFMAX,SLAVR,SIZLF,WTPSD,SFDUR,SDPDV,PODUR,THRSH,initPoints,iters.n,acq,kernel,method
-0.6037301727807897,27.8241942698091,3.8964664777480245,7.58900010331325,14.0,17.62655800521652,0.98,349.826504147663,167.51359002464537,0.22,12.51544602873348,4.344109955898262,7.834484064922679,78.0,100,300,poi,matern3_2,MAPE
