Score,EMFL,FLSH,FLSD,SDPM,FLLF,LFMAX,SLAVR,SIZLF,WTPSD,SFDUR,SDPDV,PODUR,THRSH,initPoints,iters.n,acq,kernel,method
-0.5372550310709232,29.166699905161067,2.0,6.0,18.877615751774208,28.682981698409343,0.98,295.7877358007177,133.0,0.22,11.0,5.0,4.0,78.0,200,300,ei,exp,MAPE
