Score,EMFL,FLSH,FLSD,SDPM,FLLF,LFMAX,SLAVR,SIZLF,WTPSD,SFDUR,SDPDV,PODUR,THRSH,initPoints,iters.n,acq,kernel,method
-0.5379757683753283,24.781913894541226,2.0,6.0,19.902019793266323,16.612371846348253,1.0,334.94639432274045,133.0,0.22,11.0,5.0,4.0,78.0,200,300,ucb,matern3_2,MAPE
