Score,EMFL,FLSH,FLSD,SDPM,FLLF,LFMAX,SLAVR,SIZLF,WTPSD,SFDUR,SDPDV,PODUR,THRSH,initPoints,iters.n,acq,kernel,method
-0.5274980972362437,27.795736161644122,2.511976055367453,6.0,17.568539800907395,26.558089526230344,1.0,295.6493553901993,133.45259963444292,0.22,11.0,5.0,4.0,78.0,200,300,ei,matern3_2,MAPE
