Score,EMFL,FLSH,FLSD,SDPM,FLLF,LFMAX,SLAVR,SIZLF,WTPSD,SFDUR,SDPDV,PODUR,THRSH,initPoints,iters.n,acq,kernel,method
-0.1493364643022482,35.0,2.0,13.0,22.419562273461903,22.486287915724837,0.98,324.4329251857723,152.4628563265669,0.22,12.31554600000427,5.0,14.783508179439943,78.0,100,100,ucb,matern5_2,MAPE
