Score,EMFL,FLSH,FLSD,SDPM,FLLF,LFMAX,SLAVR,SIZLF,WTPSD,SFDUR,SDPDV,PODUR,THRSH,initPoints,iters.n,acq,kernel,method
-0.1463359406520605,35.0,2.0,13.0,23.82005085212093,21.91632997120108,0.98,328.97378548603956,140.88188810528703,0.22,11.0,5.0,16.0,78.0,100,300,ucb,exp,MAPE
