Score,EMFL,FLSH,FLSD,SDPM,FLLF,LFMAX,SLAVR,SIZLF,WTPSD,SFDUR,SDPDV,PODUR,THRSH,initPoints,iters.n,acq,kernel,method
-0.15083094334518243,35.0,2.0,13.0,24.798561467738555,11.892529460362235,1.0,322.9603504717129,135.03576928765227,0.22,12.400474361049863,5.0,16.0,78.0,100,300,ucb,matern3_2,MAPE
