Score,EMFL,FLSH,FLSD,SDPM,FLLF,LFMAX,SLAVR,SIZLF,WTPSD,SFDUR,SDPDV,PODUR,THRSH,initPoints,iters.n,acq,kernel,method
-0.146990423682308,35.0,3.474370841054818,13.0,25.612939953806183,31.86104889195923,0.98,317.418923696741,137.5571588911988,0.22,13.071173761146385,5.0,16.0,78.0,200,300,ei,gauss,MAPE
