Score,EMFL,FLSH,FLSD,SDPM,FLLF,LFMAX,SLAVR,SIZLF,WTPSD,SFDUR,SDPDV,PODUR,THRSH,initPoints,iters.n,acq,kernel,method
-0.1462794942278498,35.0,2.0,13.0,24.11632030300307,30.03314766657645,0.98,322.8329024250451,141.69967979272525,0.22,12.527102210357686,5.0,16.0,78.0,100,300,ei,gauss,MAPE
