Score,EMFL,FLSH,FLSD,SDPM,FLLF,LFMAX,SLAVR,SIZLF,WTPSD,SFDUR,SDPDV,PODUR,THRSH,initPoints,iters.n,acq,kernel,method
-0.1567336358021876,35.0,5.0,13.0,14.0,33.56741249019521,1.0,278.50185303084214,180.0,0.22,13.894863044182626,5.0,8.03171116461459,78.0,100,100,ucb,gauss,MAPE
