Score,EMFL,FLSH,FLSD,SDPM,FLLF,LFMAX,SLAVR,SIZLF,WTPSD,SFDUR,SDPDV,PODUR,THRSH,initPoints,iters.n,acq,kernel,method
-0.14929299194023105,35.0,2.0,13.0,23.57403217527897,23.360475991191453,0.98,322.7941309464418,152.69600155043372,0.22,11.0,5.0,16.0,78.0,100,300,ucb,matern5_2,MAPE
