Score,EMFL,FLSH,FLSD,SDPM,FLLF,LFMAX,SLAVR,SIZLF,WTPSD,SFDUR,SDPDV,PODUR,THRSH,initPoints,iters.n,acq,kernel,method
-0.14605624068913803,35.0,5.0,13.0,18.43688396757628,16.547111702907866,1.0,324.5298886297231,133.0,0.22,14.14612702140601,5.0,16.0,78.0,200,300,poi,matern3_2,MAPE
