Score,EMFL,FLSH,FLSD,SDPM,FLLF,LFMAX,SLAVR,SIZLF,WTPSD,SFDUR,SDPDV,PODUR,THRSH,initPoints,iters.n,acq,kernel,method
-0.15100663422713773,35.0,2.0,13.0,21.48689632826508,20.15937571728254,1.0,323.5985058296384,148.8139511818684,0.22,11.340685137022225,5.0,16.0,78.0,100,300,ei,exp,MAPE
