Score,EMFL,FLSH,FLSD,SDPM,FLLF,LFMAX,SLAVR,SIZLF,WTPSD,SFDUR,SDPDV,PODUR,THRSH,initPoints,iters.n,acq,kernel,method
-0.6736113463901751,28.93815124591092,3.869920235735843,7.818956247710867,16.072160915049967,18.017259477895735,0.9939048598298436,348.8157094024457,170.03013428781597,0.22,12.14502533707489,4.185010572851083,7.217709322233809,78.0,100,300,poi,exp,MAPE
