Score,EMFL,FLSH,FLSD,SDPM,FLLF,LFMAX,SLAVR,SIZLF,WTPSD,SFDUR,SDPDV,PODUR,THRSH,initPoints,iters.n,acq,kernel,method
-0.6557133287891217,24.759697406686826,5.0,6.0,14.0,23.94644769356637,0.98,266.74768277441746,164.38275462432188,0.22,19.234825150433277,5.0,15.356933170729244,78.0,100,100,ucb,matern3_2,MAPE
