Score,EMFL,FLSH,FLSD,SDPM,FLLF,LFMAX,SLAVR,SIZLF,WTPSD,SFDUR,SDPDV,PODUR,THRSH,initPoints,iters.n,acq,kernel,method
-0.5846861972274217,24.513148668594496,2.0,6.0,14.0,28.275341314707752,1.0,328.3198475176568,133.6465138684554,0.22,11.0,5.0,4.0,78.0,100,300,ei,exp,MAPE
