Score,EMFL,FLSH,FLSD,SDPM,FLLF,LFMAX,SLAVR,SIZLF,WTPSD,SFDUR,SDPDV,PODUR,THRSH,initPoints,iters.n,acq,kernel,method
-0.5797395073772045,31.448142835392414,5.0,6.0,14.0,30.242799470723728,0.98,346.92871179982654,133.0,0.22,11.0,5.0,6.995012842435298,78.0,200,300,ei,gauss,MAPE
