Score,EMFL,FLSH,FLSD,SDPM,FLLF,LFMAX,SLAVR,SIZLF,WTPSD,SFDUR,SDPDV,PODUR,THRSH,initPoints,iters.n,acq,kernel,method
-0.6531294449266966,24.39005228456999,5.0,6.0,14.0,29.01324507224162,0.98,260.1687055773238,171.97182754836524,0.22,19.970862204241417,5.0,15.061329993792224,78.0,100,100,ucb,matern5_2,MAPE
