Score,EMFL,FLSH,FLSD,SDPM,FLLF,LFMAX,SLAVR,SIZLF,WTPSD,SFDUR,SDPDV,PODUR,THRSH,initPoints,iters.n,acq,kernel,method
-0.5564446822542652,28.077206639333614,2.0,6.0,20.1713757234123,20.05060308570912,0.98,336.8513529947397,133.0,0.22,11.0,5.0,4.0,78.0,200,300,ucb,matern3_2,MAPE
