Score,EMFL,FLSH,FLSD,SDPM,FLLF,LFMAX,SLAVR,SIZLF,WTPSD,SFDUR,SDPDV,PODUR,THRSH,initPoints,iters.n,acq,kernel,method
-0.6047772372920516,29.097978700599366,2.0,6.0,14.0,27.792551493217797,0.98,255.92829738007316,171.63982009732334,0.22,11.0,5.0,4.0,78.0,100,300,ucb,matern5_2,MAPE
