Score,EMFL,FLSH,FLSD,SDPM,FLLF,LFMAX,SLAVR,SIZLF,WTPSD,SFDUR,SDPDV,PODUR,THRSH,initPoints,iters.n,acq,kernel,method
-0.5896660434566651,28.312072249900865,5.0,6.0,14.0,31.399402316515236,0.98,340.687323996188,133.0,0.22,11.0,5.0,6.111844900452222,78.0,100,300,ucb,exp,MAPE
