Score,EMFL,FLSH,FLSD,SDPM,FLLF,LFMAX,SLAVR,SIZLF,WTPSD,SFDUR,SDPDV,PODUR,THRSH,initPoints,iters.n,acq,kernel,method
-0.6544056600456435,28.44695932729154,5.0,6.239565519015953,14.0,23.688021804854127,0.98,257.1807108900211,163.42719177347962,0.22,11.0,5.0,16.0,78.0,100,100,ucb,exp,MAPE
