Score,EMFL,FLSH,FLSD,SDPM,FLLF,LFMAX,SLAVR,SIZLF,WTPSD,SFDUR,SDPDV,PODUR,THRSH,initPoints,iters.n,acq,kernel,method
-0.6101919740966102,26.82167426990816,5.0,6.0,14.0,17.41058297861865,1.0,259.1282274234622,167.44988043512498,0.22,19.826283913920665,5.0,11.849422953968865,78.0,100,100,ucb,matern5_2,MAPE
