Score,EMFL,FLSH,FLSD,SDPM,FLLF,LFMAX,SLAVR,SIZLF,WTPSD,SFDUR,SDPDV,PODUR,THRSH,initPoints,iters.n,acq,kernel,method
-0.6005455774166009,26.919711106593688,5.0,6.0,14.0,10.0,0.98,259.73248595443897,159.21676263430965,0.22,11.0,5.0,13.364138082896185,78.0,200,300,ucb,matern5_2,MAPE
