Score,EMFL,FLSH,FLSD,SDPM,FLLF,LFMAX,SLAVR,SIZLF,WTPSD,SFDUR,SDPDV,PODUR,THRSH,initPoints,iters.n,acq,kernel,method
-0.5952798100047293,27.614922454102512,2.0,6.0,14.0,14.973452219617963,0.98,324.27803582681855,133.0,0.22,11.0,5.0,10.140459016821996,78.0,100,100,ucb,exp,MAPE
