Score,EMFL,FLSH,FLSD,SDPM,FLLF,LFMAX,SLAVR,SIZLF,WTPSD,SFDUR,SDPDV,PODUR,THRSH,initPoints,iters.n,acq,kernel,method
-0.5522121187339212,27.671757249368504,2.0,6.0,14.0,16.477320851176497,1.0,254.4470464678112,173.2267619142204,0.22,11.0,5.0,4.6646434693017245,78.0,100,300,ucb,matern5_2,MAPE
