Score,EMFL,FLSH,FLSD,SDPM,FLLF,LFMAX,SLAVR,SIZLF,WTPSD,SFDUR,SDPDV,PODUR,THRSH,initPoints,iters.n,acq,kernel,method
-0.6642292324985519,30.0136450241456,5.0,6.0,14.0,16.85687855745068,0.98,259.09858840816037,168.88733815363608,0.22,19.4618204824963,5.0,13.66231743221846,78.0,100,100,ucb,matern5_2,MAPE
