Score,EMFL,FLSH,FLSD,SDPM,FLLF,LFMAX,SLAVR,SIZLF,WTPSD,SFDUR,SDPDV,PODUR,THRSH,initPoints,iters.n,acq,kernel,method
-0.6407267409339714,24.42460587229549,5.0,7.879000077026694,14.0,27.789262641898613,1.0,274.6579212483712,158.49747540047994,0.22,11.0,5.0,12.530656943477505,78.0,100,300,ei,matern3_2,MAPE
