Score,EMFL,FLSH,FLSD,SDPM,FLLF,LFMAX,SLAVR,SIZLF,WTPSD,SFDUR,SDPDV,PODUR,THRSH,initPoints,iters.n,acq,kernel,method
-0.6813280807364953,28.860732584097047,3.708693764394136,8.416616670144586,16.748238542372693,18.026284129295263,0.9940584233374538,349.03156188972935,169.58854514891422,0.22,12.228594383032558,4.213990747709205,7.2610327261251735,78.0,100,300,poi,matern5_2,MAPE
