Score,EMFL,FLSH,FLSD,SDPM,FLLF,LFMAX,SLAVR,SIZLF,WTPSD,SFDUR,SDPDV,PODUR,THRSH,initPoints,iters.n,acq,kernel,method
-0.6377084318618935,28.948568921762146,5.0,6.0,14.0,34.0,0.98,262.5982001404226,152.24751278034407,0.22,11.0,5.0,8.256789060578175,78.0,100,300,ucb,matern3_2,MAPE
