Score,EMFL,FLSH,FLSD,SDPM,FLLF,LFMAX,SLAVR,SIZLF,WTPSD,SFDUR,SDPDV,PODUR,THRSH,initPoints,iters.n,acq,kernel,method
-0.6209332305049438,23.558536768022496,4.66520929059452,7.202920790606264,14.0,18.72468253315222,0.9815040243440101,330.23788247175713,137.02404257877714,0.22,14.358803091285884,5.0,4.068075765229245,78.0,200,300,poi,matern5_2,MAPE
