Score,EMFL,FLSH,FLSD,SDPM,FLLF,LFMAX,SLAVR,SIZLF,WTPSD,SFDUR,SDPDV,PODUR,THRSH,initPoints,iters.n,acq,kernel,method
-0.5930794549677832,28.59726226477887,2.0,6.0,19.37273461297993,31.846388358849254,0.98,254.9674686117191,180.0,0.22,11.0,3.0,4.0,78.0,100,300,ucb,matern5_2,MAPE
