Score,EMFL,FLSH,FLSD,SDPM,FLLF,LFMAX,SLAVR,SIZLF,WTPSD,SFDUR,SDPDV,PODUR,THRSH,initPoints,iters.n,acq,kernel,method
-0.6318036346894254,25.287001029053464,3.984138198461371,6.0,14.0,30.10745186284431,1.0,320.73916559502123,141.32606840939573,0.22,11.57145607494941,5.0,9.288303727171098,78.0,100,300,ei,exp,MAPE
