Score,EMFL,FLSH,FLSD,SDPM,FLLF,LFMAX,SLAVR,SIZLF,WTPSD,SFDUR,SDPDV,PODUR,THRSH,initPoints,iters.n,acq,kernel,method
-0.6457980944743196,26.8458461620319,5.0,6.0,14.0,12.563127805084644,1.0,272.84495205072983,166.25777043304825,0.22,15.73734484862944,5.0,11.65923939798841,78.0,100,100,ucb,matern5_2,MAPE
