Score,EMFL,FLSH,FLSD,SDPM,FLLF,LFMAX,SLAVR,SIZLF,WTPSD,SFDUR,SDPDV,PODUR,THRSH,initPoints,iters.n,acq,kernel,method
-0.6310289359132675,23.422588187832716,5.0,6.0,14.0,23.71737412918095,1.0,257.90427470070495,162.53247964023623,0.22,11.0,5.0,11.565627588774783,78.0,100,100,ucb,matern3_2,MAPE
