Score,EMFL,FLSH,FLSD,SDPM,FLLF,LFMAX,SLAVR,SIZLF,WTPSD,SFDUR,SDPDV,PODUR,THRSH,initPoints,iters.n,acq,kernel,method
-0.6481742533408676,26.084280184203354,3.1489695040013395,6.0,14.38310108816564,22.964239179939508,0.99773300439658,298.8634341200898,152.05727120751618,0.22,14.020973267134524,4.461803014720898,9.456177529684474,78.0,100,300,poi,matern3_2,MAPE
