Score,EMFL,FLSH,FLSD,SDPM,FLLF,LFMAX,SLAVR,SIZLF,WTPSD,SFDUR,SDPDV,PODUR,THRSH,initPoints,iters.n,acq,kernel,method
-0.6100594564955292,28.75690558554362,3.4596826496264534,6.0,14.0,25.71953429949392,1.0,269.8533799322676,161.66003044150645,0.22,16.920798829367214,5.0,12.64665021863315,78.0,100,100,ucb,matern5_2,MAPE
