Score,EMFL,FLSH,FLSD,SDPM,FLLF,LFMAX,SLAVR,SIZLF,WTPSD,SFDUR,SDPDV,PODUR,THRSH,initPoints,iters.n,acq,kernel,method
-0.5663599558640514,27.181492480909373,2.0,6.0,14.0,30.23934603624836,1.0,317.9329292582387,141.70489734026853,0.22,11.0,5.0,12.646575564641012,78.0,100,300,poi,matern3_2,MAPE
