Score,EMFL,FLSH,FLSD,SDPM,FLLF,LFMAX,SLAVR,SIZLF,WTPSD,SFDUR,SDPDV,PODUR,THRSH,initPoints,iters.n,acq,kernel,method
-0.5375482702230007,23.671708415784092,2.934338051788067,6.0,14.0,33.07919992359658,1.0,310.5318019511317,139.74756177419695,0.22,11.0,5.0,4.0,78.0,100,300,ei,exp,MAPE
