Score,EMFL,FLSH,FLSD,SDPM,FLLF,LFMAX,SLAVR,SIZLF,WTPSD,SFDUR,SDPDV,PODUR,THRSH,initPoints,iters.n,acq,kernel,method
-0.5583325437852646,28.905326051880795,2.0,6.0,14.0,17.15976424674829,1.0,254.66768283206468,174.36182078120316,0.22,11.0,5.0,4.0,78.0,100,300,ucb,matern5_2,MAPE
