Score,EMFL,FLSH,FLSD,SDPM,FLLF,LFMAX,SLAVR,SIZLF,WTPSD,SFDUR,SDPDV,PODUR,THRSH,initPoints,iters.n,acq,kernel,method
-0.5774216224546127,28.91879415518541,2.778334630224138,7.927642900581049,14.0,17.7771729049529,0.9990276239059995,350.0,170.04786267851807,0.22,11.488164762960174,4.592799803115929,6.5335722848802815,78.0,100,300,poi,matern5_2,MAPE
