Score,EMFL,FLSH,FLSD,SDPM,FLLF,LFMAX,SLAVR,SIZLF,WTPSD,SFDUR,SDPDV,PODUR,THRSH,initPoints,iters.n,acq,kernel,method
-0.6498608292397785,26.67635681951452,5.0,6.0,17.644321429998197,16.38833022050672,0.98,298.8770531234133,140.2187674723605,0.22,15.176469397572736,4.646636917934543,5.6111242171597535,78.0,100,300,poi,matern5_2,MAPE
