Score,EMFL,FLSH,FLSD,SDPM,FLLF,LFMAX,SLAVR,SIZLF,WTPSD,SFDUR,SDPDV,PODUR,THRSH,initPoints,iters.n,acq,kernel,method
-0.6496874043987735,23.682402683585572,5.0,8.39597034102977,14.995398086087818,13.079387573759943,1.0,269.5590943335699,172.12611548024083,0.22,12.68913879496547,4.825043606390334,11.526720455768636,78.0,100,300,poi,exp,MAPE
