Score,EMFL,FLSH,FLSD,SDPM,FLLF,LFMAX,SLAVR,SIZLF,WTPSD,SFDUR,SDPDV,PODUR,THRSH,initPoints,iters.n,acq,kernel,method
-0.6525842053052723,29.568661858374753,3.6026802724899403,7.93565562133181,15.574531209020796,18.41333194161314,1.0,348.3392069318325,170.31024543659493,0.22,12.340656087896285,4.353762228254635,7.04539043263935,78.0,100,300,poi,matern3_2,MAPE
