Score,EMFL,FLSH,FLSD,SDPM,FLLF,LFMAX,SLAVR,SIZLF,WTPSD,SFDUR,SDPDV,PODUR,THRSH,initPoints,iters.n,acq,kernel,method
-0.6591470825535876,21.798882398239837,5.0,6.0,14.0,21.208742928367595,0.98,255.96882405207862,168.0883264782638,0.22,20.57156396016212,5.0,13.789607715308124,78.0,100,100,ucb,exp,MAPE
