Score,EMFL,FLSH,FLSD,SDPM,FLLF,LFMAX,SLAVR,SIZLF,WTPSD,SFDUR,SDPDV,PODUR,THRSH,initPoints,iters.n,acq,kernel,method
-0.5712195508399649,28.192044367771253,2.228064191112518,6.0,14.0,23.15444820261608,1.0,263.697002568715,166.72452344816176,0.22,11.0,5.0,4.805481322236248,78.0,100,300,ucb,exp,MAPE
