Score,EMFL,FLSH,FLSD,SDPM,FLLF,LFMAX,SLAVR,SIZLF,WTPSD,SFDUR,SDPDV,PODUR,THRSH,initPoints,iters.n,acq,kernel,method
-0.6560389929920634,24.416604247877544,5.0,6.0,14.807121512924178,15.63663024474976,1.0,268.29928063689846,165.24249330286642,0.22,17.491405604096865,5.0,12.763274072324007,78.0,100,100,ucb,matern5_2,MAPE
