Score,EMFL,FLSH,FLSD,SDPM,FLLF,LFMAX,SLAVR,SIZLF,WTPSD,SFDUR,SDPDV,PODUR,THRSH,initPoints,iters.n,acq,kernel,method
-0.5769806282986604,28.382365819282466,2.0,6.0,14.0,24.407134670657864,1.0,267.9420909720043,175.96642713415335,0.22,11.0,5.0,5.711896786451782,78.0,100,300,ucb,matern3_2,MAPE
