Score,EMFL,FLSH,FLSD,SDPM,FLLF,LFMAX,SLAVR,SIZLF,WTPSD,SFDUR,SDPDV,PODUR,THRSH,initPoints,iters.n,acq,kernel,method
-0.6287594876639199,28.58413383207797,3.532670674365233,6.0,14.0,20.927372609646547,1.0,252.7411141274251,164.72232567085732,0.22,13.203563233097595,5.0,7.960299153555735,78.0,100,100,ucb,exp,MAPE
