Score,EMFL,FLSH,FLSD,SDPM,FLLF,LFMAX,SLAVR,SIZLF,WTPSD,SFDUR,SDPDV,PODUR,THRSH,initPoints,iters.n,acq,kernel,method
-0.562648399315595,28.325437058831334,2.0,6.0,14.0,27.82362503820793,0.98,344.47914412405106,137.5069654693645,0.22,11.0,5.0,6.040540093762856,78.0,200,300,ucb,matern3_2,MAPE
