Score,EMFL,FLSH,FLSD,SDPM,FLLF,LFMAX,SLAVR,SIZLF,WTPSD,SFDUR,SDPDV,PODUR,THRSH,initPoints,iters.n,acq,kernel,method
-0.5848439163468107,24.482040491116273,2.0,6.0,14.0,33.18095172526881,0.98,329.401116077785,137.53414082567244,0.22,11.0,5.0,4.0,78.0,100,300,ei,exp,MAPE
