Score,EMFL,FLSH,FLSD,SDPM,FLLF,LFMAX,SLAVR,SIZLF,WTPSD,SFDUR,SDPDV,PODUR,THRSH,initPoints,iters.n,acq,kernel,method
-0.5769447757434522,24.94034942363569,2.0,6.0,14.0,22.124460891614586,0.98,331.1445474507048,135.30561335793593,0.22,11.0,5.0,4.0,78.0,100,300,ei,exp,MAPE
