Score,EMFL,FLSH,FLSD,SDPM,FLLF,LFMAX,SLAVR,SIZLF,WTPSD,SFDUR,SDPDV,PODUR,THRSH,initPoints,iters.n,acq,kernel,method
-0.5753073832562627,24.0728531181319,2.0,6.0,15.470101941536067,25.051829860886148,0.98,329.76343567816576,135.08751452274933,0.22,11.0,5.0,4.0,78.0,200,300,ei,exp,MAPE
