Score,EMFL,FLSH,FLSD,SDPM,FLLF,LFMAX,SLAVR,SIZLF,WTPSD,SFDUR,SDPDV,PODUR,THRSH,initPoints,iters.n,acq,kernel,method
-0.6195040188606686,27.34459880233223,5.0,6.0,14.0,19.259222573128785,1.0,292.0195867679988,149.10805705063626,0.22,13.202213301446863,5.0,7.3172771683023505,78.0,200,300,ei,matern3_2,MAPE
