Score,EMFL,FLSH,FLSD,SDPM,FLLF,LFMAX,SLAVR,SIZLF,WTPSD,SFDUR,SDPDV,PODUR,THRSH,initPoints,iters.n,acq,kernel,method
-0.6252901376280903,26.800394965521406,5.0,6.0,14.0,17.92360032205129,1.0,250.64846042886663,164.8311669358119,0.22,22.0,5.0,12.550466869924813,78.0,100,100,ucb,matern3_2,MAPE
