Score,EMFL,FLSH,FLSD,SDPM,FLLF,LFMAX,SLAVR,SIZLF,WTPSD,SFDUR,SDPDV,PODUR,THRSH,initPoints,iters.n,acq,kernel,method
-0.639643118553716,29.156869948889458,2.0,6.0,14.0,21.456937721030418,1.0,260.35215620369917,165.93165554982977,0.22,19.905304186374927,5.0,11.152315987372562,78.0,100,100,ucb,matern5_2,MAPE
