Score,EMFL,FLSH,FLSD,SDPM,FLLF,LFMAX,SLAVR,SIZLF,WTPSD,SFDUR,SDPDV,PODUR,THRSH,initPoints,iters.n,acq,kernel,method
-0.5726218611066698,28.109948970070953,2.0,6.0,14.0,32.12183967199656,1.0,260.20683810087735,175.75996916913704,0.22,11.0,5.0,5.131655845179855,78.0,100,300,ucb,matern5_2,MAPE
