Score,EMFL,FLSH,FLSD,SDPM,FLLF,LFMAX,SLAVR,SIZLF,WTPSD,SFDUR,SDPDV,PODUR,THRSH,initPoints,iters.n,acq,kernel,method
-0.630024223341939,26.00498802778761,4.207336460402982,6.0,14.0,16.60416076638315,1.0,256.90557920618613,163.6501534495069,0.22,17.187990926820554,5.0,12.916196477841972,78.0,100,100,ucb,exp,MAPE
