Score,EMFL,FLSH,FLSD,SDPM,FLLF,LFMAX,SLAVR,SIZLF,WTPSD,SFDUR,SDPDV,PODUR,THRSH,initPoints,iters.n,acq,kernel,method
-0.6016030000690722,27.528260584482105,5.0,6.0,14.0,28.354038544221538,1.0,256.87103540765514,176.75760040165235,0.22,11.0,5.0,4.0,78.0,100,300,ucb,exp,MAPE
