Score,EMFL,FLSH,FLSD,SDPM,FLLF,LFMAX,SLAVR,SIZLF,WTPSD,SFDUR,SDPDV,PODUR,THRSH,initPoints,iters.n,acq,kernel,method
-0.5859967729201213,31.229050139663737,5.0,6.0,14.0,19.543605624090993,0.98,250.0,170.82127281278918,0.22,11.0,5.0,6.010606198869866,78.0,100,300,ucb,matern5_2,MAPE
