Score,EMFL,FLSH,FLSD,SDPM,FLLF,LFMAX,SLAVR,SIZLF,WTPSD,SFDUR,SDPDV,PODUR,THRSH,initPoints,iters.n,acq,kernel,method
-0.5463100919262921,24.874799843426864,2.0,6.0,17.91685951229803,16.720697446738246,0.98,332.5899364823139,133.88626656058688,0.22,11.601932124033922,5.0,4.0,78.0,100,300,ei,exp,MAPE
