Score,EMFL,FLSH,FLSD,SDPM,FLLF,LFMAX,SLAVR,SIZLF,WTPSD,SFDUR,SDPDV,PODUR,THRSH,initPoints,iters.n,acq,kernel,method
-0.6409121940316992,23.659611030415203,4.434254596670885,7.663971529339416,15.352550494755903,13.218361635505772,1.0,270.68554168177803,172.61123953635538,0.22,13.708556718962024,5.0,12.846906154119736,78.0,100,300,poi,exp,MAPE
