Score,EMFL,FLSH,FLSD,SDPM,FLLF,LFMAX,SLAVR,SIZLF,WTPSD,SFDUR,SDPDV,PODUR,THRSH,initPoints,iters.n,acq,kernel,method
-0.5457369836623648,25.415883320551984,5.0,8.906272476395234,14.0,20.459015594623917,1.0,331.5756707854155,139.80780289974658,0.22,11.0,5.0,4.0,78.0,200,300,ei,matern3_2,MAPE
