Score,EMFL,FLSH,FLSD,SDPM,FLLF,LFMAX,SLAVR,SIZLF,WTPSD,SFDUR,SDPDV,PODUR,THRSH,initPoints,iters.n,acq,kernel,method
-0.6126516550526357,27.8687118801268,5.0,6.0,14.0,20.56541842027009,0.98,266.9483514138271,167.7109739903874,0.22,20.660789392324713,5.0,16.0,78.0,100,100,ucb,matern3_2,MAPE
