Score,EMFL,FLSH,FLSD,SDPM,FLLF,LFMAX,SLAVR,SIZLF,WTPSD,SFDUR,SDPDV,PODUR,THRSH,initPoints,iters.n,acq,kernel,method
-0.6074212428416951,26.76796974413244,5.0,6.0,14.0,16.38086005990057,0.98,264.1963644237725,164.13520791601852,0.22,20.00165796416859,4.846661167095796,15.767660319893093,78.0,100,100,ucb,exp,MAPE
