Score,EMFL,FLSH,FLSD,SDPM,FLLF,LFMAX,SLAVR,SIZLF,WTPSD,SFDUR,SDPDV,PODUR,THRSH,initPoints,iters.n,acq,kernel,method
-0.17731056313768617,35.0,2.0,13.0,24.559074787989637,24.72713051532469,0.98,314.0004371071384,143.49428399541364,0.22,11.621885232248044,5.0,16.0,78.0,100,300,ucb,exp,MAPE
