Score,EMFL,FLSH,FLSD,SDPM,FLLF,LFMAX,SLAVR,SIZLF,WTPSD,SFDUR,SDPDV,PODUR,THRSH,initPoints,iters.n,acq,kernel,method
-0.17644801498805404,35.0,3.1875315241267086,13.0,27.883431896977488,14.83552055991914,0.98,316.60796989307926,147.18255863802815,0.22,11.0,5.0,16.0,78.0,100,300,ucb,matern3_2,MAPE
