Score,EMFL,FLSH,FLSD,SDPM,FLLF,LFMAX,SLAVR,SIZLF,WTPSD,SFDUR,SDPDV,PODUR,THRSH,initPoints,iters.n,acq,kernel,method
-0.17446398819317832,35.0,5.0,13.0,25.660137012681925,23.365637626698142,0.98,316.6402662701625,135.61335877601906,0.22,12.302658706608417,5.0,16.0,78.0,200,300,poi,exp,MAPE
