Score,EMFL,FLSH,FLSD,SDPM,FLLF,LFMAX,SLAVR,SIZLF,WTPSD,SFDUR,SDPDV,PODUR,THRSH,initPoints,iters.n,acq,kernel,method
-0.17406126641436287,35.0,5.0,13.0,25.09321395196624,20.25958191070281,0.98,319.38001316969144,133.0,0.22,11.955552888853823,5.0,16.0,78.0,200,300,ei,exp,MAPE
