Score,EMFL,FLSH,FLSD,SDPM,FLLF,LFMAX,SLAVR,SIZLF,WTPSD,SFDUR,SDPDV,PODUR,THRSH,initPoints,iters.n,acq,kernel,method
-0.17327415107677038,35.0,2.0,13.0,24.193000441812615,22.79071958318718,0.98,311.1599283267791,145.9048912716883,0.22,11.0,5.0,14.454174950787786,78.0,100,300,ucb,matern5_2,MAPE
