Score,EMFL,FLSH,FLSD,SDPM,FLLF,LFMAX,SLAVR,SIZLF,WTPSD,SFDUR,SDPDV,PODUR,THRSH,initPoints,iters.n,acq,kernel,method
-0.17293218680082278,35.0,4.463005438568977,13.0,23.685326991308617,23.74772147724072,0.98,320.65324327260026,134.63257272674818,0.22,12.886208898006425,5.0,16.0,78.0,200,300,poi,matern3_2,MAPE
