Score,EMFL,FLSH,FLSD,SDPM,FLLF,LFMAX,SLAVR,SIZLF,WTPSD,SFDUR,SDPDV,PODUR,THRSH,initPoints,iters.n,acq,kernel,method
-0.18864090911487372,35.0,5.0,13.0,22.17438298119092,20.8859425719928,0.98,287.665614703605,148.85133328594114,0.22,16.11641510499368,5.0,9.65657391884842,78.0,100,300,poi,matern3_2,MAPE
