Score,EMFL,FLSH,FLSD,SDPM,FLLF,LFMAX,SLAVR,SIZLF,WTPSD,SFDUR,SDPDV,PODUR,THRSH,initPoints,iters.n,acq,kernel,method
-0.17101830087167386,35.0,3.3659733030579937,13.0,23.164831061907964,21.64802598155021,0.98,320.61291816047486,145.46231324936778,0.22,11.0,5.0,14.968382102135765,78.0,100,300,poi,exp,MAPE
