Score,EMFL,FLSH,FLSD,SDPM,FLLF,LFMAX,SLAVR,SIZLF,WTPSD,SFDUR,SDPDV,PODUR,THRSH,initPoints,iters.n,acq,kernel,method
-0.6482805770451127,29.14622753086448,5.0,6.0,14.0,16.307452022387917,0.98,260.90593551137493,168.96085121444327,0.22,18.13878511762535,5.0,16.0,78.0,100,100,ucb,exp,MAPE
