Score,EMFL,FLSH,FLSD,SDPM,FLLF,LFMAX,SLAVR,SIZLF,WTPSD,SFDUR,SDPDV,PODUR,THRSH,initPoints,iters.n,acq,kernel,method
-0.6598202992084635,29.91281658971374,5.0,6.0,14.0,22.23734917209579,0.98,256.63766910510344,164.13771847511646,0.22,15.592988313702785,5.0,10.463380867721519,78.0,100,100,ucb,matern5_2,MAPE
