Score,EMFL,FLSH,FLSD,SDPM,FLLF,LFMAX,SLAVR,SIZLF,WTPSD,SFDUR,SDPDV,PODUR,THRSH,initPoints,iters.n,acq,kernel,method
-0.5933452337080646,20.0,2.0,6.0,20.45758130841598,22.722368608540343,0.98,331.58154106884683,133.17447338533802,0.22,11.0,5.0,4.0,78.0,100,300,ei,exp,MAPE
