Score,EMFL,FLSH,FLSD,SDPM,FLLF,LFMAX,SLAVR,SIZLF,WTPSD,SFDUR,SDPDV,PODUR,THRSH,initPoints,iters.n,acq,kernel,method
-0.6193308879356562,25.086206080946184,5.0,6.0,14.0,33.499270019190796,0.98,272.44625656916463,180.0,0.22,11.0,5.0,10.592817174537116,78.0,100,300,ucb,matern3_2,MAPE
