Score,EMFL,FLSH,FLSD,SDPM,FLLF,LFMAX,SLAVR,SIZLF,WTPSD,SFDUR,SDPDV,PODUR,THRSH,initPoints,iters.n,acq,kernel,method
-0.6414364308193818,28.72797186772329,3.840332112195543,7.337035243784052,14.0,17.34632740752663,0.9966935758973414,349.3894636032158,170.0566315051124,0.22,11.0,4.406622924384984,7.752383279562761,78.0,200,300,poi,matern5_2,MAPE
