Score,EMFL,FLSH,FLSD,SDPM,FLLF,LFMAX,SLAVR,SIZLF,WTPSD,SFDUR,SDPDV,PODUR,THRSH,initPoints,iters.n,acq,kernel,method
-0.6883804277185684,28.983880815463213,3.774577318586946,7.965024374618491,16.170166842708895,18.12815319135574,0.993113006069196,348.57282236930183,170.11747757215082,0.22000004444579843,12.309067357383137,4.230597526874294,7.237794636314166,78.0,100,300,poi,matern5_2,MAPE
