Score,EMFL,FLSH,FLSD,SDPM,FLLF,LFMAX,SLAVR,SIZLF,WTPSD,SFDUR,SDPDV,PODUR,THRSH,initPoints,iters.n,acq,kernel,method
-0.6884394410398863,28.98347499638275,3.773635238720361,7.966028118591432,16.169751378063776,18.12849220280294,0.993108987210863,348.5757491380798,170.1178967200582,0.22000551022891945,12.309951836770521,4.231060972697537,7.238292176554824,78.0,100,300,poi,exp,MAPE
