Score,EMFL,FLSH,FLSD,SDPM,FLLF,LFMAX,SLAVR,SIZLF,WTPSD,SFDUR,SDPDV,PODUR,THRSH,initPoints,iters.n,acq,kernel,method
-0.6465169706443215,21.726707122368435,2.0,6.0,14.0,25.231231757101273,0.98,260.46932611051506,172.81053147039347,0.22,11.0,5.0,4.0,78.0,100,300,ucb,exp,MAPE
