Score,EMFL,FLSH,FLSD,SDPM,FLLF,LFMAX,SLAVR,SIZLF,WTPSD,SFDUR,SDPDV,PODUR,THRSH,initPoints,iters.n,acq,kernel,method
-0.6074073777350794,24.657364962487094,2.0,6.0,14.0,17.880809271569856,0.98,254.58947606859365,175.6615398821598,0.22,11.0,5.0,4.0,78.0,100,300,ucb,matern5_2,MAPE
