Score,EMFL,FLSH,FLSD,SDPM,FLLF,LFMAX,SLAVR,SIZLF,WTPSD,SFDUR,SDPDV,PODUR,THRSH,initPoints,iters.n,acq,kernel,method
-0.6568871348159798,25.37585080805709,5.0,6.0,14.0,25.8360801993297,1.0,269.77519489904404,158.0785604640253,0.22,11.0,5.0,14.069618872102433,78.0,200,300,ei,matern3_2,MAPE
