Score,EMFL,FLSH,FLSD,SDPM,FLLF,LFMAX,SLAVR,SIZLF,WTPSD,SFDUR,SDPDV,PODUR,THRSH,initPoints,iters.n,acq,kernel,method
-0.5887280505847959,30.83991997024358,5.0,6.0,14.0,28.014722977931843,0.98,335.9927528400161,133.0,0.22,11.0,5.0,8.766445145908433,78.0,200,300,ei,exp,MAPE
