Score,EMFL,FLSH,FLSD,SDPM,FLLF,LFMAX,SLAVR,SIZLF,WTPSD,SFDUR,SDPDV,PODUR,THRSH,initPoints,iters.n,acq,kernel,method
-0.6606888140794074,29.336515868828936,5.0,6.0,14.0,17.632342117895064,0.98,259.01980900439213,169.23357034517386,0.22,16.470063843598293,5.0,14.652881248159824,78.0,100,100,ucb,matern5_2,MAPE
