Score,EMFL,FLSH,FLSD,SDPM,FLLF,LFMAX,SLAVR,SIZLF,WTPSD,SFDUR,SDPDV,PODUR,THRSH,initPoints,iters.n,acq,kernel,method
-0.619487515088651,27.728879947332892,2.0,6.0,14.0,30.28467707727437,0.98,257.1670946368797,165.21184280890841,0.22,11.0,5.0,10.77696554761328,78.0,100,300,ucb,exp,MAPE
