Score,EMFL,FLSH,FLSD,SDPM,FLLF,LFMAX,SLAVR,SIZLF,WTPSD,SFDUR,SDPDV,PODUR,THRSH,initPoints,iters.n,acq,kernel,method
-0.5680889159041025,29.40036254930995,2.0,6.0,14.0,13.229255580039432,0.98,265.6667938047676,159.26402182153282,0.22,11.0,5.0,4.0,78.0,100,300,ucb,matern3_2,MAPE
