Score,EMFL,FLSH,FLSD,SDPM,FLLF,LFMAX,SLAVR,SIZLF,WTPSD,SFDUR,SDPDV,PODUR,THRSH,initPoints,iters.n,acq,kernel,method
-0.6250740102413405,27.251624614795023,5.0,6.0,14.0,20.47851450414227,0.98,299.48010482301913,151.1994305699015,0.22,13.152871876650224,5.0,6.522378650182902,78.0,100,300,poi,exp,MAPE
