Score,EMFL,FLSH,FLSD,SDPM,FLLF,LFMAX,SLAVR,SIZLF,WTPSD,SFDUR,SDPDV,PODUR,THRSH,initPoints,iters.n,acq,kernel,method
-0.6052022934771464,26.915589110795445,4.647242227596816,6.0808717769701985,14.0,16.789337116822125,1.0,350.0,169.05912186647643,0.22,11.0,5.0,8.21460393836115,78.0,100,300,poi,matern3_2,MAPE
