Score,EMFL,FLSH,FLSD,SDPM,FLLF,LFMAX,SLAVR,SIZLF,WTPSD,SFDUR,SDPDV,PODUR,THRSH,initPoints,iters.n,acq,kernel,method
-0.1506972119481486,34.52023994784265,5.0,11.443807693386226,15.614674184304388,28.353632481699393,0.98,329.18623478118485,149.0819417075199,0.22,12.967234497175012,5.0,14.726193059269008,78.0,100,100,ucb,matern5_2,MAPE
