Score,EMFL,FLSH,FLSD,SDPM,FLLF,LFMAX,SLAVR,SIZLF,WTPSD,SFDUR,SDPDV,PODUR,THRSH,initPoints,iters.n,acq,kernel,method
-0.14791887232514578,35.0,5.0,13.0,14.0,27.018197536124372,1.0,281.1108772842617,148.4129810446215,0.22,11.0,5.0,10.970467602094459,78.0,200,300,ucb,matern5_2,MAPE
