Score,EMFL,FLSH,FLSD,SDPM,FLLF,LFMAX,SLAVR,SIZLF,WTPSD,SFDUR,SDPDV,PODUR,THRSH,initPoints,iters.n,acq,kernel,method
-0.14596468144146793,35.0,5.0,13.0,16.87377507444298,32.00625982392728,0.98,266.79456647412565,173.00116480255724,0.22,11.0,5.0,16.0,78.0,100,300,ei,exp,MAPE
