Score,EMFL,FLSH,FLSD,SDPM,FLLF,LFMAX,SLAVR,SIZLF,WTPSD,SFDUR,SDPDV,PODUR,THRSH,initPoints,iters.n,acq,kernel,method
-0.16055701982663442,34.73170771688362,2.7647809006067265,9.969921059802898,19.775762531113163,28.036100240414548,0.9916030233371874,325.37038647592107,142.96375640077227,0.22,14.358923803980147,5.0,16.0,78.0,100,300,poi,matern5_2,MAPE
