Score,EMFL,FLSH,FLSD,SDPM,FLLF,LFMAX,SLAVR,SIZLF,WTPSD,SFDUR,SDPDV,PODUR,THRSH,initPoints,iters.n,acq,kernel,method
-0.14639301503480834,35.0,5.0,13.0,14.752001793667525,17.97056405892181,0.98,329.7140877138286,146.81406163372094,0.22,11.0,5.0,14.818129009032265,78.0,100,300,ucb,exp,MAPE
