Score,EMFL,FLSH,FLSD,SDPM,FLLF,LFMAX,SLAVR,SIZLF,WTPSD,SFDUR,SDPDV,PODUR,THRSH,initPoints,iters.n,acq,kernel,method
-0.1469587417183009,35.0,3.3587377596369636,13.0,16.326715654018795,19.41067412074104,0.98,334.4816934132701,147.2850079059962,0.22,11.0,5.0,16.0,78.0,100,300,ucb,matern5_2,MAPE
