Score,EMFL,FLSH,FLSD,SDPM,FLLF,LFMAX,SLAVR,SIZLF,WTPSD,SFDUR,SDPDV,PODUR,THRSH,initPoints,iters.n,acq,kernel,method
-0.16897894668903587,34.415404818651496,4.064652438700438,9.58494282761699,19.47459384633244,28.586595900887588,0.988179810529813,325.6958925238024,142.42494546102057,0.23043005630403118,14.46368145022817,4.43755522416423,15.920936373079169,78.0,100,100,poi,exp,MAPE
