Score,EMFL,FLSH,FLSD,SDPM,FLLF,LFMAX,SLAVR,SIZLF,WTPSD,SFDUR,SDPDV,PODUR,THRSH,initPoints,iters.n,acq,kernel,method
-0.14706088794571268,35.0,5.0,13.0,16.968186579491498,17.32538713370491,0.98,318.7952025289088,159.08603707937814,0.22,11.0,5.0,16.0,78.0,100,300,ucb,matern3_2,MAPE
