Score,EMFL,FLSH,FLSD,SDPM,FLLF,LFMAX,SLAVR,SIZLF,WTPSD,SFDUR,SDPDV,PODUR,THRSH,initPoints,iters.n,acq,kernel,method
-0.5503172077549933,28.990201770140654,2.0,6.0,14.0,34.0,0.98,348.3742574075498,149.57411711789572,0.22,11.0,5.0,5.036927854979996,78.0,200,300,poi,exp,MAPE
