Score,EMFL,FLSH,FLSD,SDPM,FLLF,LFMAX,SLAVR,SIZLF,WTPSD,SFDUR,SDPDV,PODUR,THRSH,initPoints,iters.n,acq,kernel,method
-0.6437321408613829,23.161059963286057,5.0,6.0,14.0,10.506603148119611,1.0,267.6252287594211,160.78172209386238,0.22,11.467352958325264,5.0,12.907217852434728,78.0,100,100,ucb,matern3_2,MAPE
