Score,EMFL,FLSH,FLSD,SDPM,FLLF,LFMAX,SLAVR,SIZLF,WTPSD,SFDUR,SDPDV,PODUR,THRSH,initPoints,iters.n,acq,kernel,method
-0.5841863683143441,25.15008226664919,2.0,6.0,14.0,28.13840511917913,1.0,257.28606077397114,174.16498869806523,0.22,11.52528709537019,5.0,4.0,78.0,100,300,ucb,matern5_2,MAPE
