Score,EMFL,FLSH,FLSD,SDPM,FLLF,LFMAX,SLAVR,SIZLF,WTPSD,SFDUR,SDPDV,PODUR,THRSH,initPoints,iters.n,acq,kernel,method
-0.5750440261052338,25.055544362252,2.0,6.0,14.0,29.03044400043891,1.0,270.4771080863842,172.91194066163905,0.22,11.0,5.0,4.0,78.0,100,300,ucb,exp,MAPE
