Score,EMFL,FLSH,FLSD,SDPM,FLLF,LFMAX,SLAVR,SIZLF,WTPSD,SFDUR,SDPDV,PODUR,THRSH,initPoints,iters.n,acq,kernel,method
-0.5753258115886655,24.89649877662914,2.0,6.0,14.0,26.881262156601643,1.0,320.6167402965871,144.53644745036536,0.22,11.0,5.0,4.0,78.0,100,300,ei,exp,MAPE
