Score,EMFL,FLSH,FLSD,SDPM,FLLF,LFMAX,SLAVR,SIZLF,WTPSD,SFDUR,SDPDV,PODUR,THRSH,initPoints,iters.n,acq,kernel,method
-0.6142284111577392,25.20953346791161,5.0,6.0,14.0,22.679599450815637,1.0,256.1418065458813,172.54264010646946,0.22,11.0,5.0,11.466857181699513,78.0,100,100,ucb,exp,MAPE
