Score,EMFL,FLSH,FLSD,SDPM,FLLF,LFMAX,SLAVR,SIZLF,WTPSD,SFDUR,SDPDV,PODUR,THRSH,initPoints,iters.n,acq,kernel,method
-0.5772923328050669,25.242283487578845,2.0,6.0,14.0,28.241871054610264,1.0,250.0,178.170394999734,0.22,11.0,5.0,4.000257002264733,78.0,100,300,ucb,matern3_2,MAPE
