Score,EMFL,FLSH,FLSD,SDPM,FLLF,LFMAX,SLAVR,SIZLF,WTPSD,SFDUR,SDPDV,PODUR,THRSH,initPoints,iters.n,acq,kernel,method
-0.6325814624482868,26.912195052573235,5.0,6.0,14.0,30.063595720704487,0.98,262.1832182122245,160.78460286882245,0.22,11.0,5.0,15.010107378635341,78.0,100,100,ucb,matern3_2,MAPE
