Score,EMFL,FLSH,FLSD,SDPM,FLLF,LFMAX,SLAVR,SIZLF,WTPSD,SFDUR,SDPDV,PODUR,THRSH,initPoints,iters.n,acq,kernel,method
-0.5389001643715222,24.239737542474394,2.600662982655916,6.0,19.24725817155439,13.280763719342914,0.98,333.6579446872386,138.16317036253923,0.22,11.0,5.0,4.0,78.0,200,300,ei,exp,MAPE
