Score,EMFL,FLSH,FLSD,SDPM,FLLF,LFMAX,SLAVR,SIZLF,WTPSD,SFDUR,SDPDV,PODUR,THRSH,initPoints,iters.n,acq,kernel,method
-0.568907453351256,28.22479485554967,2.0,6.0,14.0,13.11644996762271,0.98,334.80349875515753,133.11514681878376,0.22,11.0,5.0,4.0,78.0,200,300,ucb,matern5_2,MAPE
