Score,EMFL,FLSH,FLSD,SDPM,FLLF,LFMAX,SLAVR,SIZLF,WTPSD,SFDUR,SDPDV,PODUR,THRSH,initPoints,iters.n,acq,kernel,method
-0.6291622350910804,26.7970196805872,5.0,6.0,14.0,16.444124491290424,0.98,254.99312993458054,163.86934587683442,0.22,22.0,5.0,14.223623403094136,78.0,100,100,ucb,exp,MAPE
