Score,EMFL,FLSH,FLSD,SDPM,FLLF,LFMAX,SLAVR,SIZLF,WTPSD,SFDUR,SDPDV,PODUR,THRSH,initPoints,iters.n,acq,kernel,method
-0.6485193029801569,25.511187951380244,5.0,6.0,14.0,22.319929220537237,0.98,264.6364254462083,169.5127374860744,0.22,18.42582354406077,5.0,13.243675104883032,78.0,100,100,ucb,gauss,MAPE
