Score,EMFL,FLSH,FLSD,SDPM,FLLF,LFMAX,SLAVR,SIZLF,WTPSD,SFDUR,SDPDV,PODUR,THRSH,initPoints,iters.n,acq,kernel,method
-0.559630696383798,24.805215210352216,2.0,6.0,19.198939890854557,28.569539815686984,0.98,267.2020740272586,145.07764476317425,0.22,11.0,5.0,4.0,78.0,200,300,ucb,matern3_2,MAPE
