Score,EMFL,FLSH,FLSD,SDPM,FLLF,LFMAX,SLAVR,SIZLF,WTPSD,SFDUR,SDPDV,PODUR,THRSH,initPoints,iters.n,acq,kernel,method
-0.6044824519132629,30.99361521206125,5.0,6.0,14.0,34.0,0.98,253.38289874746417,157.5095377270704,0.22,11.0,5.0,8.77074378819871,78.0,100,300,ucb,matern5_2,MAPE
