Score,EMFL,FLSH,FLSD,SDPM,FLLF,LFMAX,SLAVR,SIZLF,WTPSD,SFDUR,SDPDV,PODUR,THRSH,initPoints,iters.n,acq,kernel,method
-0.627535200786654,24.386404965550042,5.0,6.0,14.0,21.680738676705243,1.0,262.5085282161946,169.60606786473488,0.22,11.36757539731475,5.0,16.0,78.0,200,300,poi,exp,MAPE
