Score,EMFL,FLSH,FLSD,SDPM,FLLF,LFMAX,SLAVR,SIZLF,WTPSD,SFDUR,SDPDV,PODUR,THRSH,initPoints,iters.n,acq,kernel,method
-0.6074248413638687,28.241458191728025,5.0,6.0,14.0,19.969282064826547,1.0,292.1211543299555,142.66993701864837,0.22,13.527941856090393,5.0,6.492616519773697,78.0,200,300,ei,matern5_2,MAPE
