Score,EMFL,FLSH,FLSD,SDPM,FLLF,LFMAX,SLAVR,SIZLF,WTPSD,SFDUR,SDPDV,PODUR,THRSH,initPoints,iters.n,acq,kernel,method
-0.5638184609970797,24.34080142124644,2.0,6.0,19.778589266528403,29.87077470551346,0.98,250.0,166.25044509168532,0.22,11.0,5.0,4.0,78.0,100,300,ucb,exp,MAPE
