Score,EMFL,FLSH,FLSD,SDPM,FLLF,LFMAX,SLAVR,SIZLF,WTPSD,SFDUR,SDPDV,PODUR,THRSH,initPoints,iters.n,acq,kernel,method
-0.6504994329483952,35.0,4.858959911823194,6.0,14.0,31.47025019884544,0.98,305.56976153667887,166.24897008224588,0.22,11.0,5.0,9.31877553906207,78.0,100,300,poi,exp,MAPE
