Score,EMFL,FLSH,FLSD,SDPM,FLLF,LFMAX,SLAVR,SIZLF,WTPSD,SFDUR,SDPDV,PODUR,THRSH,initPoints,iters.n,acq,kernel,method
-0.6570251977791542,27.749950623573582,2.0,6.0,14.0,16.64388654759424,1.0,348.5873532752556,169.3142919209254,0.22,11.0,5.0,9.481176437036757,78.0,100,300,ei,exp,MAPE
