Score,EMFL,FLSH,FLSD,SDPM,FLLF,LFMAX,SLAVR,SIZLF,WTPSD,SFDUR,SDPDV,PODUR,THRSH,initPoints,iters.n,acq,kernel,method
-0.6610248024293495,30.98402374830007,5.0,6.0,14.096263700555534,17.476579746807907,0.98,297.29354278095474,139.22622818078662,0.22,12.078375889670166,5.0,5.324061120122304,78.0,100,300,ei,matern5_2,MAPE
