Score,EMFL,FLSH,FLSD,SDPM,FLLF,LFMAX,SLAVR,SIZLF,WTPSD,SFDUR,SDPDV,PODUR,THRSH,initPoints,iters.n,acq,kernel,method
-0.6372360147184822,28.71146046598516,3.641075634000374,6.0,14.0,21.22468430170731,0.98,336.29268350515247,142.62093401775022,0.22,11.943485621329152,5.0,8.999958309427145,78.0,100,100,ucb,matern5_2,MAPE
