Score,EMFL,FLSH,FLSD,SDPM,FLLF,LFMAX,SLAVR,SIZLF,WTPSD,SFDUR,SDPDV,PODUR,THRSH,initPoints,iters.n,acq,kernel,method
-0.6134925306547561,27.125416828184406,2.0,6.0,14.0,27.658287261580565,0.98,320.6291556500467,133.0,0.22,11.0,5.0,6.697825987995934,78.0,100,300,ucb,matern3_2,MAPE
