Score,EMFL,FLSH,FLSD,SDPM,FLLF,LFMAX,SLAVR,SIZLF,WTPSD,SFDUR,SDPDV,PODUR,THRSH,initPoints,iters.n,acq,kernel,method
-0.5791630065895452,24.78353055716541,2.0,6.0,14.0,29.19561599286108,0.98,312.0966256195105,139.22353675225267,0.22,11.639967719547927,5.0,4.0,78.0,100,300,poi,matern3_2,MAPE
