Score,EMFL,FLSH,FLSD,SDPM,FLLF,LFMAX,SLAVR,SIZLF,WTPSD,SFDUR,SDPDV,PODUR,THRSH,initPoints,iters.n,acq,kernel,method
-0.6098834687450904,23.748212403899,5.0,6.0,14.0,28.763622452902535,0.98,256.2955045819364,166.07542893533994,0.22,11.0,5.0,5.393387613264151,78.0,100,300,ucb,matern5_2,MAPE
