Score,EMFL,FLSH,FLSD,SDPM,FLLF,LFMAX,SLAVR,SIZLF,WTPSD,SFDUR,SDPDV,PODUR,THRSH,initPoints,iters.n,acq,kernel,method
-0.6138752327023661,27.849432097519554,4.1899139494663755,7.549394251404826,14.0,17.137978397917152,0.9882193658900277,349.1786015129449,168.3666482905659,0.22,11.991310220090968,3.6421393766666044,7.937063504503732,78.0,100,300,poi,exp,MAPE
