Score,EMFL,FLSH,FLSD,SDPM,FLLF,LFMAX,SLAVR,SIZLF,WTPSD,SFDUR,SDPDV,PODUR,THRSH,initPoints,iters.n,acq,kernel,method
-0.5994350057586499,29.61486446230506,5.0,6.0,14.0,28.447307556421723,1.0,261.2829057486655,133.0,0.22,11.0,5.0,10.205921204727039,78.0,100,300,ucb,matern3_2,MAPE
