Score,EMFL,FLSH,FLSD,SDPM,FLLF,LFMAX,SLAVR,SIZLF,WTPSD,SFDUR,SDPDV,PODUR,THRSH,initPoints,iters.n,acq,kernel,method
-0.5725960721976648,24.959217453825726,2.0,6.0,14.0,26.017676061093077,1.0,317.3272930799448,139.92417178291916,0.22,11.0,5.0,4.0,78.0,100,300,ei,exp,MAPE
