Score,EMFL,FLSH,FLSD,SDPM,FLLF,LFMAX,SLAVR,SIZLF,WTPSD,SFDUR,SDPDV,PODUR,THRSH,initPoints,iters.n,acq,kernel,method
-0.6552196407201393,27.21452654547298,5.0,6.0,14.0,22.903771540559244,1.0,298.372965127734,148.35543712451272,0.22,16.10017208036015,5.0,6.860750459913738,78.0,100,300,poi,matern5_2,MAPE
