Score,EMFL,FLSH,FLSD,SDPM,FLLF,LFMAX,SLAVR,SIZLF,WTPSD,SFDUR,SDPDV,PODUR,THRSH,initPoints,iters.n,acq,kernel,method
-0.6461722869831491,27.89038533574585,2.0,6.0,14.0,19.049992222026432,0.98,257.099759279346,167.370699307686,0.22,11.513418857994736,5.0,10.347211609166576,78.0,100,100,ucb,exp,MAPE
