Score,EMFL,FLSH,FLSD,SDPM,FLLF,LFMAX,SLAVR,SIZLF,WTPSD,SFDUR,SDPDV,PODUR,THRSH,initPoints,iters.n,acq,kernel,method
-0.6040394156671857,26.513826955299074,5.0,9.909756461167841,14.0,18.851495528894528,0.98,332.4549163020893,139.3766508039742,0.22,11.0,5.0,4.0,78.0,200,300,ei,matern3_2,MAPE
