Score,EMFL,FLSH,FLSD,SDPM,FLLF,LFMAX,SLAVR,SIZLF,WTPSD,SFDUR,SDPDV,PODUR,THRSH,initPoints,iters.n,acq,kernel,method
-0.6722762231260049,24.581213213958186,5.0,8.704899336150044,15.080479238697741,13.986566043030056,1.0,269.0439589597541,171.91768961600556,0.22,12.502311608942374,5.0,11.882109930063015,78.0,100,300,poi,matern3_2,MAPE
