Score,EMFL,FLSH,FLSD,SDPM,FLLF,LFMAX,SLAVR,SIZLF,WTPSD,SFDUR,SDPDV,PODUR,THRSH,initPoints,iters.n,acq,kernel,method
-0.6517161219795595,24.312375661887163,5.0,6.0,14.0,25.448685960958755,1.0,270.2015929291221,158.74387741615135,0.22,11.0,5.0,12.128918183056147,78.0,100,300,ei,exp,MAPE
