Score,EMFL,FLSH,FLSD,SDPM,FLLF,LFMAX,SLAVR,SIZLF,WTPSD,SFDUR,SDPDV,PODUR,THRSH,initPoints,iters.n,acq,kernel,method
-0.6042291264509058,28.18951787904013,2.0,6.0,14.0,30.772808493712958,0.98,276.0260540224735,179.38068233737863,0.22,11.0,5.0,5.9662274918323135,78.0,100,300,ucb,matern5_2,MAPE
