Score,EMFL,FLSH,FLSD,SDPM,FLLF,LFMAX,SLAVR,SIZLF,WTPSD,SFDUR,SDPDV,PODUR,THRSH,initPoints,iters.n,acq,kernel,method
-0.5844156642072288,29.27570954591941,2.0,6.0,14.0,13.911723166506492,0.98,255.2517964896725,168.284534047956,0.22,11.0,5.0,4.0,78.0,100,300,ucb,matern3_2,MAPE
