Score,EMFL,FLSH,FLSD,SDPM,FLLF,LFMAX,SLAVR,SIZLF,WTPSD,SFDUR,SDPDV,PODUR,THRSH,initPoints,iters.n,acq,kernel,method
-0.1571031262225179,35.0,5.0,13.0,17.408193360711977,11.251908277974138,0.98,314.0011352988489,157.0335009883636,0.22,11.0,5.0,16.0,78.0,100,300,ucb,matern5_2,MAPE
