Score,EMFL,FLSH,FLSD,SDPM,FLLF,LFMAX,SLAVR,SIZLF,WTPSD,SFDUR,SDPDV,PODUR,THRSH,initPoints,iters.n,acq,kernel,method
-0.1715025633392707,34.97903790847861,3.907377583435301,10.048974991905387,16.750534614829782,30.188245458261715,0.98,326.4077547098253,141.42975448841074,0.22,15.509289022625158,5.0,13.582619820855177,78.0,100,100,ucb,matern5_2,MAPE
