Score,EMFL,FLSH,FLSD,SDPM,FLLF,LFMAX,SLAVR,SIZLF,WTPSD,SFDUR,SDPDV,PODUR,THRSH,initPoints,iters.n,acq,kernel,method
-0.15315650138894196,35.0,5.0,13.0,17.684457982361582,25.862231199111417,0.98,287.3566206390759,133.0,0.22,11.0,5.0,15.599151634267646,78.0,200,300,ucb,gauss,MAPE
