Score,EMFL,FLSH,FLSD,SDPM,FLLF,LFMAX,SLAVR,SIZLF,WTPSD,SFDUR,SDPDV,PODUR,THRSH,initPoints,iters.n,acq,kernel,method
-0.1565188045901468,35.0,5.0,13.0,17.181089354851615,13.813674925956311,0.98,321.3660453553538,148.07403365368873,0.22,11.0,5.0,16.0,78.0,100,300,ucb,matern3_2,MAPE
