Score,EMFL,FLSH,FLSD,SDPM,FLLF,LFMAX,SLAVR,SIZLF,WTPSD,SFDUR,SDPDV,PODUR,THRSH,initPoints,iters.n,acq,kernel,method
-0.17151694420420915,33.90495649536754,2.434709201047736,10.132213048512437,19.109218651823152,28.91485076318987,0.98,326.1405115667464,143.08160801774733,0.22,13.818173596926757,5.0,16.0,78.0,100,300,poi,exp,MAPE
