Score,EMFL,FLSH,FLSD,SDPM,FLLF,LFMAX,SLAVR,SIZLF,WTPSD,SFDUR,SDPDV,PODUR,THRSH,initPoints,iters.n,acq,kernel,method
-0.17683872818766122,33.907621072271674,3.741045593120367,10.296215633557587,19.261268839177752,28.764008264797432,0.98,325.99388610257313,141.90911700194653,0.22,15.33629147908655,4.072285436426648,16.0,78.0,100,100,ucb,matern3_2,MAPE
