Score,EMFL,FLSH,FLSD,SDPM,FLLF,LFMAX,SLAVR,SIZLF,WTPSD,SFDUR,SDPDV,PODUR,THRSH,initPoints,iters.n,acq,kernel,method
-0.15427661052771713,35.0,4.004832068592598,13.0,16.864475788022467,21.696817209586623,0.98,324.5570050383134,133.0,0.22,11.0,5.0,16.0,78.0,200,300,ei,exp,MAPE
