Score,EMFL,FLSH,FLSD,SDPM,FLLF,LFMAX,SLAVR,SIZLF,WTPSD,SFDUR,SDPDV,PODUR,THRSH,initPoints,iters.n,acq,kernel,method
-0.16909022585199784,35.0,4.122835607895946,10.568023470629663,20.783157274404044,31.874746401270947,0.98,323.7729211489917,149.26902205074884,0.22,19.043401144573785,5.0,16.0,78.0,100,100,ucb,matern3_2,MAPE
