Score,EMFL,FLSH,FLSD,SDPM,FLLF,LFMAX,SLAVR,SIZLF,WTPSD,SFDUR,SDPDV,PODUR,THRSH,initPoints,iters.n,acq,kernel,method
-0.15741191213902078,35.0,2.0,13.0,27.399470064209353,26.366386823932483,0.98,291.46439101933726,135.67216543245897,0.22,11.0,5.0,14.92632568079947,78.0,200,300,ucb,matern3_2,MAPE
