Score,EMFL,FLSH,FLSD,SDPM,FLLF,LFMAX,SLAVR,SIZLF,WTPSD,SFDUR,SDPDV,PODUR,THRSH,initPoints,iters.n,acq,kernel,method
-0.15294643406167438,35.0,3.719603629211199,13.0,20.324068501598624,19.608080961699034,0.98,321.4270321207295,133.0,0.22,11.905295155329657,5.0,16.0,78.0,200,300,poi,exp,MAPE
