Score,EMFL,FLSH,FLSD,SDPM,FLLF,LFMAX,SLAVR,SIZLF,WTPSD,SFDUR,SDPDV,PODUR,THRSH,initPoints,iters.n,acq,kernel,method
-0.15496971186675132,35.0,2.0,13.0,25.492769360460656,20.672495777441686,0.98,313.54742014681995,133.0,0.22,11.744115360271293,5.0,16.0,78.0,200,300,ucb,exp,MAPE
