Score,EMFL,FLSH,FLSD,SDPM,FLLF,LFMAX,SLAVR,SIZLF,WTPSD,SFDUR,SDPDV,PODUR,THRSH,initPoints,iters.n,acq,kernel,method
-0.1614938621116609,34.54479692065981,3.850247400433438,11.693636777733486,20.16063141755117,29.08927700919736,0.98,326.35452792300475,142.47164906141975,0.22,14.159324819805443,5.0,16.0,78.0,100,100,ucb,exp,MAPE
