Score,EMFL,FLSH,FLSD,SDPM,FLLF,LFMAX,SLAVR,SIZLF,WTPSD,SFDUR,SDPDV,PODUR,THRSH,initPoints,iters.n,acq,kernel,method
-0.15982135863861657,35.0,5.0,13.0,23.469540498896343,14.436460332459916,0.98,322.4621608217438,133.0,0.22,16.148754804308492,5.0,15.707939926587994,78.0,100,300,ucb,matern5_2,MAPE
