Score,EMFL,FLSH,FLSD,SDPM,FLLF,LFMAX,SLAVR,SIZLF,WTPSD,SFDUR,SDPDV,PODUR,THRSH,initPoints,iters.n,acq,kernel,method
-0.15234724922522389,35.0,5.0,13.0,19.484551765828144,11.25205628210087,0.98,327.8172764042978,141.18714839385981,0.22,13.213441250126484,5.0,16.0,78.0,100,300,ucb,exp,MAPE
