Score,EMFL,FLSH,FLSD,SDPM,FLLF,LFMAX,SLAVR,SIZLF,WTPSD,SFDUR,SDPDV,PODUR,THRSH,initPoints,iters.n,acq,kernel,method
-0.15365410508126603,35.0,5.0,13.0,19.055245357423736,10.0,0.98,319.76791350118907,137.86519915952368,0.22,14.878156380000245,5.0,16.0,78.0,100,300,ucb,matern3_2,MAPE
