Score,EMFL,FLSH,FLSD,SDPM,FLLF,LFMAX,SLAVR,SIZLF,WTPSD,SFDUR,SDPDV,PODUR,THRSH,initPoints,iters.n,acq,kernel,method
-0.654101471514764,26.605141526819715,5.0,6.0,14.0,15.984723277792767,1.0,262.04061851031224,162.14501888496832,0.22,18.136707964258456,5.0,12.185906244620346,78.0,100,100,ucb,matern3_2,MAPE
