Score,EMFL,FLSH,FLSD,SDPM,FLLF,LFMAX,SLAVR,SIZLF,WTPSD,SFDUR,SDPDV,PODUR,THRSH,initPoints,iters.n,acq,kernel,method
-0.6530841329566378,26.09804579611571,5.0,6.044945158505933,14.0,21.90146666439554,1.0,264.59906653469045,164.82920542325135,0.22,17.3948190349419,5.0,12.985367829104224,78.0,100,100,ucb,matern5_2,MAPE
