Score,EMFL,FLSH,FLSD,SDPM,FLLF,LFMAX,SLAVR,SIZLF,WTPSD,SFDUR,SDPDV,PODUR,THRSH,initPoints,iters.n,acq,kernel,method
-0.5559010178569284,28.755369606887754,2.0,6.0,17.176540137334314,23.213099155195472,0.98,293.27789137020665,136.52648437671573,0.22,11.0,4.856141475987996,4.0,78.0,200,300,ucb,exp,MAPE
