Score,EMFL,FLSH,FLSD,SDPM,FLLF,LFMAX,SLAVR,SIZLF,WTPSD,SFDUR,SDPDV,PODUR,THRSH,initPoints,iters.n,acq,kernel,method
-0.5909771386045014,21.37694671781746,4.716130563360264,7.841491334667837,14.020750824614172,18.45502059623347,0.98,331.4244582596846,141.24886559541096,0.22107743815592965,12.107098307298795,4.900186005359605,4.0,78.0,200,300,poi,matern5_2,MAPE
