Score,EMFL,FLSH,FLSD,SDPM,FLLF,LFMAX,SLAVR,SIZLF,WTPSD,SFDUR,SDPDV,PODUR,THRSH,initPoints,iters.n,acq,kernel,method
-0.6427766425237219,29.877833821759232,5.0,6.0,14.0,15.391313987701153,1.0,257.8668693918721,160.25188338348156,0.22,19.88059343432658,5.0,14.075453118533142,78.0,100,100,ucb,exp,MAPE
