Score,EMFL,FLSH,FLSD,SDPM,FLLF,LFMAX,SLAVR,SIZLF,WTPSD,SFDUR,SDPDV,PODUR,THRSH,initPoints,iters.n,acq,kernel,method
-0.5860507860204652,27.922138834134127,2.0,6.0,18.537958882773072,20.874408599181994,1.0,333.98464317295327,133.0,0.22,11.0,3.0,4.0,78.0,100,300,ei,exp,MAPE
