Score,EMFL,FLSH,FLSD,SDPM,FLLF,LFMAX,SLAVR,SIZLF,WTPSD,SFDUR,SDPDV,PODUR,THRSH,initPoints,iters.n,acq,kernel,method
-0.6147872028447479,27.731889715597806,5.0,6.0,14.0,33.95746264215434,1.0,261.8769130272849,141.07130156525128,0.22,11.0,5.0,8.89961217493432,78.0,100,300,ucb,matern5_2,MAPE
