Score,EMFL,FLSH,FLSD,SDPM,FLLF,LFMAX,SLAVR,SIZLF,WTPSD,SFDUR,SDPDV,PODUR,THRSH,initPoints,iters.n,acq,kernel,method
-0.6189320896521541,27.98905042443406,5.0,6.0,14.0,24.661238050221886,0.98,291.48767108764275,147.18926668449404,0.22,11.57698004758643,5.0,6.838176816242002,78.0,100,300,ei,matern3_2,MAPE
