Score,EMFL,FLSH,FLSD,SDPM,FLLF,LFMAX,SLAVR,SIZLF,WTPSD,SFDUR,SDPDV,PODUR,THRSH,initPoints,iters.n,acq,kernel,method
-0.5383647583169924,29.10540800504539,2.0,6.0,18.178364818758407,15.466744035363174,0.98,295.64461019914046,142.72605618539822,0.22,11.0,5.0,4.0,78.0,200,300,ucb,matern3_2,MAPE
