Score,EMFL,FLSH,FLSD,SDPM,FLLF,LFMAX,SLAVR,SIZLF,WTPSD,SFDUR,SDPDV,PODUR,THRSH,initPoints,iters.n,acq,kernel,method
-0.16667433361259112,35.0,5.0,13.0,25.011247583010608,21.362082778318292,0.98,321.24580475835063,146.7673253203266,0.22,13.897697854625248,5.0,16.0,78.0,100,300,ucb,matern3_2,MAPE
