Score,EMFL,FLSH,FLSD,SDPM,FLLF,LFMAX,SLAVR,SIZLF,WTPSD,SFDUR,SDPDV,PODUR,THRSH,initPoints,iters.n,acq,kernel,method
-0.1656534885817579,35.0,5.0,13.0,18.98034719828921,13.492826903080303,0.98,320.95120953745743,149.34122245765923,0.22,11.0,5.0,14.153256122532028,78.0,100,300,ucb,matern5_2,MAPE
