Score,EMFL,FLSH,FLSD,SDPM,FLLF,LFMAX,SLAVR,SIZLF,WTPSD,SFDUR,SDPDV,PODUR,THRSH,initPoints,iters.n,acq,kernel,method
-0.16639276189324237,35.0,2.0,13.0,25.30312842200799,14.09600770680535,0.98,324.6984181522949,150.8156112953279,0.22,11.0,5.0,14.682951671133944,78.0,100,100,ucb,matern5_2,MAPE
