Score,EMFL,FLSH,FLSD,SDPM,FLLF,LFMAX,SLAVR,SIZLF,WTPSD,SFDUR,SDPDV,PODUR,THRSH,initPoints,iters.n,acq,kernel,method
-0.16759870921796277,35.0,5.0,13.0,19.237595160836896,30.299345956019827,1.0,271.69901350400545,162.25661258473716,0.22,11.111309503621275,5.0,16.0,78.0,100,300,ei,matern3_2,MAPE
