Score,EMFL,FLSH,FLSD,SDPM,FLLF,LFMAX,SLAVR,SIZLF,WTPSD,SFDUR,SDPDV,PODUR,THRSH,initPoints,iters.n,acq,kernel,method
-0.1676182391696516,35.0,2.0,11.646694984725025,26.422702435914054,21.827494461254872,0.98,317.30670624933776,160.8857146723825,0.22,11.0,5.0,16.0,78.0,100,300,ei,exp,MAPE
