Score,EMFL,FLSH,FLSD,SDPM,FLLF,LFMAX,SLAVR,SIZLF,WTPSD,SFDUR,SDPDV,PODUR,THRSH,initPoints,iters.n,acq,kernel,method
-0.1642532085139559,35.0,5.0,13.0,24.42837240620546,30.604281907173057,0.98,314.8178473102017,133.0,0.22,12.70529146283652,5.0,16.0,78.0,200,300,ei,exp,MAPE
