Score,EMFL,FLSH,FLSD,SDPM,FLLF,LFMAX,SLAVR,SIZLF,WTPSD,SFDUR,SDPDV,PODUR,THRSH,initPoints,iters.n,acq,kernel,method
-0.16698762597471864,35.0,2.0,13.0,22.07156641043358,15.41625319062539,0.98,325.23052629060777,155.71335206779065,0.22,11.0,5.0,14.98053628939566,78.0,100,100,ucb,matern3_2,MAPE
