Score,EMFL,FLSH,FLSD,SDPM,FLLF,LFMAX,SLAVR,SIZLF,WTPSD,SFDUR,SDPDV,PODUR,THRSH,initPoints,iters.n,acq,kernel,method
-0.16265245634108869,35.0,5.0,13.0,19.06286401349557,18.123179899863906,0.98,327.3358143426689,144.38135437100004,0.22,15.203521240442404,5.0,16.0,78.0,100,300,ei,exp,MAPE
