Score,EMFL,FLSH,FLSD,SDPM,FLLF,LFMAX,SLAVR,SIZLF,WTPSD,SFDUR,SDPDV,PODUR,THRSH,initPoints,iters.n,acq,kernel,method
-0.16366624156425919,35.0,5.0,10.759384842024042,20.59579139029976,16.063288863983903,0.98,326.00023704337934,152.94266572145108,0.22,17.636018250352027,5.0,7.140757344233881,78.0,100,300,ucb,matern5_2,MAPE
