Score,EMFL,FLSH,FLSD,SDPM,FLLF,LFMAX,SLAVR,SIZLF,WTPSD,SFDUR,SDPDV,PODUR,THRSH,initPoints,iters.n,acq,kernel,method
-0.17652661780811277,35.0,4.895553084271496,7.383982502009305,25.335636005395017,27.656648178130638,1.0,320.73146927275997,145.62391246856552,0.22,17.365365812371234,5.0,13.485972878204604,78.0,100,100,ei,exp,MAPE
