Score,EMFL,FLSH,FLSD,SDPM,FLLF,LFMAX,SLAVR,SIZLF,WTPSD,SFDUR,SDPDV,PODUR,THRSH,initPoints,iters.n,acq,kernel,method
-0.1656799421269742,35.0,5.0,13.0,24.00030338400062,29.091664176174497,0.98,318.8361935508024,133.0,0.22,16.124841060317003,5.0,16.0,78.0,200,300,ei,exp,MAPE
