Score,EMFL,FLSH,FLSD,SDPM,FLLF,LFMAX,SLAVR,SIZLF,WTPSD,SFDUR,SDPDV,PODUR,THRSH,initPoints,iters.n,acq,kernel,method
-0.5648327430597561,28.046151748691152,2.0,6.0,14.0,29.2533341762589,0.98,259.49306186198396,168.2626186673632,0.22,11.0,5.0,5.364447104323229,78.0,100,300,ucb,matern3_2,MAPE
