Score,EMFL,FLSH,FLSD,SDPM,FLLF,LFMAX,SLAVR,SIZLF,WTPSD,SFDUR,SDPDV,PODUR,THRSH,initPoints,iters.n,acq,kernel,method
-0.5996640370930696,28.07224468963429,5.0,6.0,14.0,18.075783987979648,0.98,298.78252931994246,141.55476964956014,0.22,14.962425455532037,5.0,6.640841006858179,78.0,100,300,poi,exp,MAPE
