Score,EMFL,FLSH,FLSD,SDPM,FLLF,LFMAX,SLAVR,SIZLF,WTPSD,SFDUR,SDPDV,PODUR,THRSH,initPoints,iters.n,acq,kernel,method
-0.5481930611373277,23.96415764770677,3.0974842247168337,6.0,14.0,24.792538844389178,0.98,303.7560976139036,150.16842149331876,0.22,11.0,5.0,4.0,78.0,100,300,ei,matern3_2,MAPE
