simulacao_escolhida_treinamento,bnx_train,euclidiana_treinamento,EMFL,FLSH,FLSD,SDPM,FLLF,LFMAX,SLAVR,SIZLF,WTPSD,SFDUR,SDPDV,PODUR,THRSH
IP200_IT300_poi_matern5_2,EMEP1403_EXPL2_3_6.BNX,3.6845426631284184,20.0,2.0,6.0,18.72349767502609,12.948312351222912,0.9942134503347436,300.8593553983648,134.600485763988,0.22,11.0,5.0,4.0,78.0
