Score,EMFL,FLSH,FLSD,SDPM,FLLF,LFMAX,SLAVR,SIZLF,WTPSD,SFDUR,SDPDV,PODUR,THRSH,initPoints,iters.n,acq,kernel,method
-0.528662667947095,22.59794112953924,4.367930197286481,7.45553693002024,14.0,28.503085314639396,0.98,331.6349099964845,145.664716562983,0.22,11.0,5.0,4.0,78.0,200,300,ei,exp,MAPE
